Dependent function,Independent function,Real data
98.9309079896321%,6.139063054943105%,15.131881228328048%
