,Dependent function,Independent function,Real data
CMAGEP,99.07161475735595%,6.624729871010214%,24.79946046164606%
SVM,,14.877469742609591%,94.69995938269149%
