,Dependent function,Independent function,Real data
CMAGEP,0.9651003748523134,-0.8832620569743741,-0.06815368741292227
SVM,0.9792380134382567,0.014244531284582584,-0.023949074686092642
KNN,0.9754297903175002,-0.204482660783589,0.2175134969089284
Random Forest,0.9794419368059102,0.11521736088395385,0.8369564527824476
