Dependent function,Independent function,Real data
98.99092209123062%,5.0568265634260525%,24.088876439234806%
